genome_id,SIR
562.45403,1
562.45401,0
