genome_id,SIR
562.42666,0
562.42657,0
562.42655,0
562.42755,1
