genome_id,SIR
562.45404,0
562.45403,0
562.45401,0
562.45399,0
562.45398,0
562.45397,0
562.42657,0
562.42655,0
562.42751,1
