genome_id,SIR
562.16466,1
562.17359,0
562.30349,0
562.42837,1
