genome_id,SIR
562.6578,0
562.65781,1
562.65783,1
562.65785,1
562.65787,0
562.65786,0
562.65788,1
562.65789,0
562.6579,0
562.65791,1
562.45403,1
562.45401,0
562.454,0
