genome_id,SIR
562.19185,1
562.19186,1
562.19189,1
562.19184,1
562.3031,1
562.30309,1
562.30307,1
562.30306,1
562.30304,1
562.29002,1
562.29001,1
562.29,1
562.28999,1
562.28998,1
562.28981,1
562.28811,1
562.2881,1
562.28982,1
562.30308,1
