genome_id,SIR
573.2431,1
573.24313,1
573.24316,1
573.24297,1
573.24243,1
573.24247,1
573.24248,1
573.24274,1
573.24276,1
573.24277,1
573.24278,1
573.2428,1
573.24272,1
573.24271,1
573.24251,1
573.24252,1
573.24254,1
573.24256,1
573.24258,1
573.24261,1
573.24263,1
573.24265,1
573.24269,1
573.2426,1
574.26,1
