genome_id,SIR
573.15631,1
573.15656,1
573.15657,1
573.15658,1
573.15659,1
573.15661,1
573.15662,1
573.15664,1
573.15665,1
573.15666,1
573.15667,1
573.15668,1
573.15669,1
573.1567,1
573.15671,1
573.15672,1
573.15673,1
573.15674,1
573.15675,1
573.15676,1
573.15654,1
573.1563,1
573.15653,1
573.15651,1
573.15632,1
573.15633,1
573.15634,1
573.15635,1
573.15636,1
573.15637,1
573.15638,1
573.15639,1
573.1564,1
573.15641,1
573.15642,1
573.15643,1
573.15644,1
573.15645,1
573.15646,1
573.15647,1
573.15648,1
573.15649,1
573.1565,1
573.15652,1
573.15677,1
573.15678,1
573.15679,1
573.1568,1
573.22562,1
573.22563,1
573.22564,1
573.22565,1
573.22566,1
573.22567,1
573.22568,1
573.22561,1
573.2256,1
573.22558,1
573.15705,1
573.15706,1
573.15707,1
573.15708,1
573.1571,1
573.15711,0
573.15713,1
573.15714,0
573.15716,1
573.15717,1
573.15719,1
573.1572,1
573.15721,1
573.15722,1
573.15724,1
573.15725,0
573.15726,0
573.15727,1
573.15728,1
573.15704,1
573.15729,1
573.15703,1
573.15701,1
573.15681,1
573.15682,1
573.15683,1
573.15684,1
573.15685,1
573.15686,1
573.15688,1
573.15689,1
573.1569,1
573.15691,1
573.15692,1
573.15693,1
573.15694,1
573.15695,1
573.15696,1
573.15697,1
573.15698,1
573.15699,1
573.157,1
573.15702,1
573.1573,1
573.15731,1
573.15732,1
573.18476,1
573.18477,1
573.22555,1
573.22556,1
573.22557,1
573.15733,1
573.15734,1
573.1719,1
573.172,1
573.1723,1
573.1724,1
573.1725,1
573.1726,1
573.1728,1
573.22559,1
573.1729,1
573.1731,1
573.1732,1
573.1733,1
573.1734,1
573.173,1
573.5828,0
573.5827,1
573.5826,1
573.5825,1
573.5824,1
573.581,1
573.5811,1
573.5812,1
573.5813,1
573.5814,1
573.5815,1
573.5816,1
573.5818,1
573.5819,1
573.582,1
573.5821,1
573.5822,1
573.5823,1
573.5817,1
573.5809,1
573.5808,1
573.5806,1
573.571,1
573.5709,1
573.5707,1
573.5706,1
573.5705,1
573.5702,1
573.5701,1
573.57,1
573.5698,1
573.5697,1
573.5695,1
573.5694,1
573.5692,1
573.5691,1
573.569,1
573.5687,1
573.5684,1
573.5658,1
573.5661,1
573.5663,1
573.5665,1
573.5672,1
573.5711,1
573.5673,1
573.5677,1
573.5678,1
573.5679,1
573.5681,1
573.5682,1
573.5683,1
573.5676,1
573.5807,1
573.5712,1
573.5717,1
573.5805,1
573.5804,1
573.5803,1
573.5802,1
573.5801,1
573.58,1
573.5799,1
573.5798,1
573.5797,1
573.5796,1
573.5795,1
573.5794,1
573.5793,1
573.5719,1
573.5722,1
573.5724,0
573.5726,1
573.5716,1
573.7096,0
