genome_id,SIR
573.18476,1
573.18477,1
